{
  "baseline": {
    "accuracy": 0.6,
    "precision": 0.3584905660377358,
    "recall": 0.76,
    "specificity": 0.5466666666666666,
    "auroc": 0.7026666666666667,
    "ece": 0.23314285039901736,
    "brier": 0.21683146059513092,
    "confusion_matrix": {
      "TP": 19,
      "FP": 34,
      "TN": 41,
      "FN": 6
    }
  },
  "platt": {
    "accuracy": 0.75,
    "precision": 0.0,
    "recall": 0.0,
    "specificity": 1.0,
    "auroc": 0.7026666666666667,
    "ece": 0.09324222905067013,
    "brier": 0.1794479206369058,
    "confusion_matrix": {
      "TP": 0,
      "FP": 0,
      "TN": 75,
      "FN": 25
    }
  },
  "isotonic": {
    "accuracy": 0.79,
    "precision": 1.0,
    "recall": 0.16,
    "specificity": 1.0,
    "auroc": 0.7090666666666665,
    "ece": 0.026785332560539242,
    "brier": 0.15623104572296143,
    "confusion_matrix": {
      "TP": 4,
      "FP": 0,
      "TN": 75,
      "FN": 21
    }
  }
}