{
  "test": {
    "accuracy": 0.74,
    "precision": 0.47368421052631576,
    "recall": 0.36,
    "f1": 0.4090909090909091,
    "true_negatives": 65,
    "false_positives": 10,
    "false_negatives": 16,
    "true_positives": 9,
    "specificity": 0.8666666666666667,
    "auroc": 0.6714666666666667,
    "roc_curve": {
      "fpr": [
        0.0,
        0.0,
        0.0,
        0.04,
        0.04,
        0.06666666666666667,
        0.06666666666666667,
        0.08,
        0.08,
        0.09333333333333334,
        0.09333333333333334,
        0.10666666666666667,
        0.10666666666666667,
        0.12,
        0.12,
        0.13333333333333333,
        0.13333333333333333,
        0.18666666666666668,
        0.18666666666666668,
        0.22666666666666666,
        0.22666666666666666,
        0.25333333333333335,
        0.25333333333333335,
        0.28,
        0.28,
        0.3333333333333333,
        0.3333333333333333,
        0.3466666666666667,
        0.3466666666666667,
        0.4266666666666667,
        0.4266666666666667,
        0.52,
        0.52,
        0.6,
        0.6,
        0.8266666666666667,
        0.8266666666666667,
        0.9066666666666666,
        0.9066666666666666,
        0.92,
        0.92,
        0.9466666666666667,
        0.9466666666666667,
        1.0
      ],
      "tpr": [
        0.0,
        0.04,
        0.08,
        0.08,
        0.12,
        0.12,
        0.16,
        0.16,
        0.2,
        0.2,
        0.28,
        0.28,
        0.32,
        0.32,
        0.36,
        0.36,
        0.4,
        0.4,
        0.44,
        0.44,
        0.48,
        0.48,
        0.52,
        0.52,
        0.6,
        0.6,
        0.64,
        0.64,
        0.68,
        0.68,
        0.76,
        0.76,
        0.8,
        0.8,
        0.84,
        0.84,
        0.88,
        0.88,
        0.92,
        0.92,
        0.96,
        0.96,
        1.0,
        1.0
      ],
      "thresholds": [
        Infinity,
        0.981674075126648,
        0.9404398798942566,
        0.8160691261291504,
        0.8041927218437195,
        0.7306650876998901,
        0.7001612782478333,
        0.6610563397407532,
        0.6343542337417603,
        0.6193909049034119,
        0.5994865894317627,
        0.5956621170043945,
        0.5892114639282227,
        0.5783785581588745,
        0.5678920149803162,
        0.521801233291626,
        0.4897308647632599,
        0.4521059989929199,
        0.45078203082084656,
        0.38508424162864685,
        0.3839283287525177,
        0.377424955368042,
        0.3757163882255554,
        0.3701834976673126,
        0.35926568508148193,
        0.29876789450645447,
        0.2970941662788391,
        0.2902831733226776,
        0.2890007793903351,
        0.2623995840549469,
        0.24765640497207642,
        0.19073839485645294,
        0.1814999282360077,
        0.12929458916187286,
        0.11968255788087845,
        0.06625194847583771,
        0.061952732503414154,
        0.040461402386426926,
        0.03718196973204613,
        0.03589039668440819,
        0.033063363283872604,
        0.023146530613303185,
        0.023006033152341843,
        0.00584033178165555
      ]
    },
    "arc": {
      "rejection_rates": [
        0.0,
        0.02631578947368421,
        0.05263157894736842,
        0.07894736842105263,
        0.10526315789473684,
        0.13157894736842105,
        0.15789473684210525,
        0.18421052631578946,
        0.21052631578947367,
        0.23684210526315788,
        0.2631578947368421,
        0.2894736842105263,
        0.3157894736842105,
        0.3421052631578947,
        0.3684210526315789,
        0.39473684210526316,
        0.42105263157894735,
        0.4473684210526315,
        0.47368421052631576,
        0.5
      ],
      "accuracies": [
        0.74,
        0.7525773195876289,
        0.7446808510638298,
        0.75,
        0.7528089887640449,
        0.7558139534883721,
        0.7619047619047619,
        0.7654320987654321,
        0.7692307692307693,
        0.7631578947368421,
        0.7808219178082192,
        0.7887323943661971,
        0.7794117647058824,
        0.8,
        0.7936507936507936,
        0.8,
        0.8070175438596491,
        0.8181818181818182,
        0.8269230769230769,
        0.82
      ],
      "auc_arc": 0.38921963018519257
    },
    "ece": 0.09496230389922858,
    "calibration": {
      "bin_boundaries": [
        0.0,
        0.1,
        0.2,
        0.30000000000000004,
        0.4,
        0.5,
        0.6000000000000001,
        0.7000000000000001,
        0.8,
        0.9,
        1.0
      ],
      "bin_accuracies": [
        0.13793103448275862,
        0.13333333333333333,
        0.23529411764705882,
        0.3333333333333333,
        0.25,
        0.5,
        0.5,
        0.3333333333333333,
        0.3333333333333333,
        0.6666666666666666
      ],
      "bin_confidences": [
        0.054873351007699966,
        0.1429206281900406,
        0.2610867917537689,
        0.3621455132961273,
        0.4582763910293579,
        0.5754052996635437,
        0.6333532333374023,
        0.7327583432197571,
        0.818406879901886,
        0.951324999332428
      ],
      "bin_counts": [
        29,
        15,
        17,
        12,
        8,
        6,
        4,
        3,
        3,
        3
      ]
    }
  }
}