{
  "test": {
    "accuracy": 0.5,
    "precision": 0.31343283582089554,
    "recall": 0.84,
    "f1": 0.45652173913043476,
    "true_negatives": 29,
    "false_positives": 46,
    "false_negatives": 4,
    "true_positives": 21,
    "specificity": 0.38666666666666666,
    "auroc": 0.696,
    "roc_curve": {
      "fpr": [
        0.0,
        0.0,
        0.0,
        0.013333333333333334,
        0.013333333333333334,
        0.02666666666666667,
        0.02666666666666667,
        0.04,
        0.04,
        0.09333333333333334,
        0.09333333333333334,
        0.10666666666666667,
        0.10666666666666667,
        0.26666666666666666,
        0.26666666666666666,
        0.28,
        0.28,
        0.30666666666666664,
        0.30666666666666664,
        0.3466666666666667,
        0.3466666666666667,
        0.44,
        0.44,
        0.4666666666666667,
        0.4666666666666667,
        0.5066666666666667,
        0.5066666666666667,
        0.5866666666666667,
        0.5866666666666667,
        0.8133333333333334,
        0.8133333333333334,
        0.8266666666666667,
        0.8266666666666667,
        0.84,
        0.84,
        0.88,
        0.9066666666666666,
        1.0
      ],
      "tpr": [
        0.0,
        0.04,
        0.2,
        0.2,
        0.24,
        0.24,
        0.28,
        0.28,
        0.32,
        0.32,
        0.36,
        0.36,
        0.4,
        0.4,
        0.56,
        0.56,
        0.6,
        0.6,
        0.64,
        0.64,
        0.68,
        0.68,
        0.72,
        0.72,
        0.76,
        0.76,
        0.8,
        0.8,
        0.84,
        0.84,
        0.88,
        0.88,
        0.92,
        0.92,
        1.0,
        1.0,
        1.0,
        1.0
      ],
      "thresholds": [
        Infinity,
        0.8886165618896484,
        0.8531349301338196,
        0.8106505870819092,
        0.8018608689308167,
        0.7980827689170837,
        0.7949852347373962,
        0.7942613363265991,
        0.7916117310523987,
        0.7761983275413513,
        0.7721662521362305,
        0.7714537978172302,
        0.765558123588562,
        0.7332330346107483,
        0.7210424542427063,
        0.7116299867630005,
        0.7084388732910156,
        0.7008455395698547,
        0.694911539554596,
        0.6778206825256348,
        0.6760475039482117,
        0.645551860332489,
        0.643441379070282,
        0.6353508234024048,
        0.634274959564209,
        0.6170147061347961,
        0.6122665405273438,
        0.5468863844871521,
        0.5372517108917236,
        0.3803400695323944,
        0.37539607286453247,
        0.36878690123558044,
        0.3557257652282715,
        0.35433048009872437,
        0.3458842933177948,
        0.297720342874527,
        0.2976646423339844,
        0.21359775960445404
      ]
    },
    "arc": {
      "rejection_rates": [
        0.0,
        0.02631578947368421,
        0.05263157894736842,
        0.07894736842105263,
        0.10526315789473684,
        0.13157894736842105,
        0.15789473684210525,
        0.18421052631578946,
        0.21052631578947367,
        0.23684210526315788,
        0.2631578947368421,
        0.2894736842105263,
        0.3157894736842105,
        0.3421052631578947,
        0.3684210526315789,
        0.39473684210526316,
        0.42105263157894735,
        0.4473684210526315,
        0.47368421052631576,
        0.5
      ],
      "accuracies": [
        0.5,
        0.5051546391752577,
        0.48936170212765956,
        0.4782608695652174,
        0.48314606741573035,
        0.4883720930232558,
        0.4880952380952381,
        0.4691358024691358,
        0.46153846153846156,
        0.4473684210526316,
        0.4520547945205479,
        0.4647887323943662,
        0.45588235294117646,
        0.46153846153846156,
        0.4603174603174603,
        0.48333333333333334,
        0.5087719298245614,
        0.509090909090909,
        0.5,
        0.52
      ],
      "auc_arc": 0.239900296537458
    },
    "ece": 0.34388266712427135,
    "calibration": {
      "bin_boundaries": [
        0.0,
        0.1,
        0.2,
        0.30000000000000004,
        0.4,
        0.5,
        0.6000000000000001,
        0.7000000000000001,
        0.8,
        0.9,
        1.0
      ],
      "bin_accuracies": [
        NaN,
        NaN,
        0.0,
        0.36363636363636365,
        0.0,
        0.125,
        0.23809523809523808,
        0.2903225806451613,
        0.8571428571428571,
        NaN
      ],
      "bin_confidences": [
        0.05,
        0.15000000000000002,
        0.28041067719459534,
        0.36224856972694397,
        0.4398740530014038,
        0.5453693866729736,
        0.6494538187980652,
        0.7500282526016235,
        0.851707935333252,
        0.95
      ],
      "bin_counts": [
        0,
        0,
        10,
        11,
        12,
        8,
        21,
        31,
        7,
        0
      ]
    }
  }
}