{
  "test": {
    "accuracy": 0.64,
    "precision": 0.8275862068965517,
    "recall": 0.6486486486486487,
    "f1": 0.7272727272727273,
    "true_negatives": 16,
    "false_positives": 10,
    "false_negatives": 26,
    "true_positives": 48,
    "specificity": 0.6153846153846154,
    "auroc": 0.6660602910602912,
    "roc_curve": {
      "fpr": [
        0.0,
        0.0,
        0.0,
        0.038461538461538464,
        0.038461538461538464,
        0.038461538461538464,
        0.07692307692307693,
        0.07692307692307693,
        0.11538461538461539,
        0.11538461538461539,
        0.23076923076923078,
        0.23076923076923078,
        0.23076923076923078,
        0.23076923076923078,
        0.2692307692307692,
        0.2692307692307692,
        0.2692307692307692,
        0.3076923076923077,
        0.3076923076923077,
        0.38461538461538464,
        0.38461538461538464,
        0.4230769230769231,
        0.4230769230769231,
        0.46153846153846156,
        0.5,
        0.5,
        0.5384615384615384,
        0.5769230769230769,
        0.5769230769230769,
        0.6153846153846154,
        0.6153846153846154,
        0.6538461538461539,
        0.6538461538461539,
        0.6923076923076923,
        0.6923076923076923,
        0.7307692307692307,
        0.7307692307692307,
        0.7307692307692307,
        0.8076923076923077,
        0.8846153846153846,
        0.8846153846153846,
        0.9230769230769231,
        0.9230769230769231,
        0.9615384615384616,
        0.9615384615384616,
        1.0
      ],
      "tpr": [
        0.0,
        0.013513513513513514,
        0.02702702702702703,
        0.05405405405405406,
        0.06756756756756757,
        0.0945945945945946,
        0.10810810810810811,
        0.32432432432432434,
        0.32432432432432434,
        0.3783783783783784,
        0.3783783783783784,
        0.3918918918918919,
        0.4189189189189189,
        0.5135135135135135,
        0.5135135135135135,
        0.527027027027027,
        0.5540540540540541,
        0.5540540540540541,
        0.6351351351351351,
        0.6351351351351351,
        0.6891891891891891,
        0.7027027027027027,
        0.7162162162162162,
        0.7297297297297297,
        0.7297297297297297,
        0.7567567567567568,
        0.7567567567567568,
        0.7702702702702703,
        0.7972972972972973,
        0.7972972972972973,
        0.8108108108108109,
        0.8108108108108109,
        0.8243243243243243,
        0.8243243243243243,
        0.8378378378378378,
        0.8378378378378378,
        0.8513513513513513,
        0.8783783783783784,
        0.9054054054054054,
        0.9054054054054054,
        0.918918918918919,
        0.918918918918919,
        0.9459459459459459,
        0.9459459459459459,
        0.9594594594594594,
        1.0
      ],
      "thresholds": [
        Infinity,
        0.7131097316741943,
        0.7102965712547302,
        0.707036554813385,
        0.7051568627357483,
        0.7041884660720825,
        0.7023939490318298,
        0.6601341366767883,
        0.6489073038101196,
        0.6381582617759705,
        0.6330162286758423,
        0.6220788955688477,
        0.6217612624168396,
        0.5985046029090881,
        0.5955391526222229,
        0.5911526679992676,
        0.5874359011650085,
        0.5845425128936768,
        0.5530868768692017,
        0.5395544767379761,
        0.4669993221759796,
        0.4614503085613251,
        0.4564540386199951,
        0.45528143644332886,
        0.45164361596107483,
        0.44062313437461853,
        0.4394370913505554,
        0.4382137358188629,
        0.43210628628730774,
        0.43070119619369507,
        0.4294435679912567,
        0.4285079538822174,
        0.4248390197753906,
        0.41867735981941223,
        0.41586947441101074,
        0.4098462760448456,
        0.40088799595832825,
        0.3925055265426636,
        0.38719865679740906,
        0.3813196122646332,
        0.3737415671348572,
        0.37214547395706177,
        0.3651658892631531,
        0.3650767505168915,
        0.3594251573085785,
        0.35203462839126587
      ]
    },
    "arc": {
      "rejection_rates": [
        0.0,
        0.02631578947368421,
        0.05263157894736842,
        0.07894736842105263,
        0.10526315789473684,
        0.13157894736842105,
        0.15789473684210525,
        0.18421052631578946,
        0.21052631578947367,
        0.23684210526315788,
        0.2631578947368421,
        0.2894736842105263,
        0.3157894736842105,
        0.3421052631578947,
        0.3684210526315789,
        0.39473684210526316,
        0.42105263157894735,
        0.4473684210526315,
        0.47368421052631576,
        0.5
      ],
      "accuracies": [
        0.64,
        0.6494845360824743,
        0.6595744680851063,
        0.6739130434782609,
        0.6853932584269663,
        0.686046511627907,
        0.6904761904761905,
        0.691358024691358,
        0.7051282051282052,
        0.6973684210526315,
        0.7123287671232876,
        0.704225352112676,
        0.7205882352941176,
        0.7076923076923077,
        0.7142857142857143,
        0.7166666666666667,
        0.7192982456140351,
        0.7454545454545455,
        0.75,
        0.74
      ],
      "auc_arc": 0.3505074340340118
    },
    "ece": 0.1960902673006058,
    "calibration": {
      "bin_boundaries": [
        0.0,
        0.1,
        0.2,
        0.30000000000000004,
        0.4,
        0.5,
        0.6000000000000001,
        0.7000000000000001,
        0.8,
        0.9,
        1.0
      ],
      "bin_accuracies": [
        NaN,
        NaN,
        NaN,
        0.6111111111111112,
        0.625,
        0.7647058823529411,
        0.8709677419354839,
        0.8,
        NaN,
        NaN
      ],
      "bin_confidences": [
        0.05,
        0.15000000000000002,
        0.25,
        0.3726990818977356,
        0.44160938262939453,
        0.5728650093078613,
        0.6542652249336243,
        0.7062837481498718,
        0.8500000000000001,
        0.95
      ],
      "bin_counts": [
        0,
        0,
        0,
        18,
        24,
        17,
        31,
        10,
        0,
        0
      ]
    }
  }
}