{
  "test": {
    "accuracy": 0.6,
    "precision": 0.5892857142857143,
    "recall": 0.66,
    "f1": 0.6226415094339622,
    "true_negatives": 27,
    "false_positives": 23,
    "false_negatives": 17,
    "true_positives": 33,
    "specificity": 0.54,
    "auroc": 0.6192,
    "roc_curve": {
      "fpr": [
        0.0,
        0.0,
        0.0,
        0.02,
        0.02,
        0.1,
        0.1,
        0.16,
        0.16,
        0.22,
        0.22,
        0.24,
        0.24,
        0.26,
        0.26,
        0.32,
        0.32,
        0.34,
        0.34,
        0.4,
        0.4,
        0.44,
        0.44,
        0.46,
        0.46,
        0.48,
        0.48,
        0.58,
        0.58,
        0.62,
        0.62,
        0.68,
        0.68,
        0.74,
        0.74,
        0.82,
        0.82,
        0.88,
        0.88,
        0.94,
        0.94,
        1.0,
        1.0
      ],
      "tpr": [
        0.0,
        0.02,
        0.1,
        0.1,
        0.2,
        0.2,
        0.22,
        0.22,
        0.24,
        0.24,
        0.28,
        0.28,
        0.3,
        0.3,
        0.34,
        0.34,
        0.46,
        0.46,
        0.5,
        0.5,
        0.6,
        0.6,
        0.64,
        0.64,
        0.7,
        0.7,
        0.72,
        0.72,
        0.78,
        0.78,
        0.84,
        0.84,
        0.86,
        0.86,
        0.92,
        0.92,
        0.94,
        0.94,
        0.96,
        0.96,
        0.98,
        0.98,
        1.0
      ],
      "thresholds": [
        Infinity,
        0.9947852492332458,
        0.9648569226264954,
        0.9645079374313354,
        0.9243699908256531,
        0.8833011984825134,
        0.8607895970344543,
        0.8416787981987,
        0.8408048152923584,
        0.8140401244163513,
        0.7950652837753296,
        0.7727744579315186,
        0.7682151794433594,
        0.7520220875740051,
        0.7399145364761353,
        0.7026997208595276,
        0.6554195880889893,
        0.6548378467559814,
        0.6465960144996643,
        0.6337723135948181,
        0.557583749294281,
        0.5429809093475342,
        0.5285351276397705,
        0.5274611115455627,
        0.480839341878891,
        0.4774598181247711,
        0.4763873815536499,
        0.4338809847831726,
        0.4180564284324646,
        0.41345375776290894,
        0.3879621624946594,
        0.34822726249694824,
        0.3412667214870453,
        0.3060464859008789,
        0.2429714798927307,
        0.20385867357254028,
        0.16147036850452423,
        0.11194279789924622,
        0.10405324399471283,
        0.06573550403118134,
        0.028335701674222946,
        0.01963229477405548,
        0.01710156537592411
      ]
    },
    "arc": {
      "rejection_rates": [
        0.0,
        0.02631578947368421,
        0.05263157894736842,
        0.07894736842105263,
        0.10526315789473684,
        0.13157894736842105,
        0.15789473684210525,
        0.18421052631578946,
        0.21052631578947367,
        0.23684210526315788,
        0.2631578947368421,
        0.2894736842105263,
        0.3157894736842105,
        0.3421052631578947,
        0.3684210526315789,
        0.39473684210526316,
        0.42105263157894735,
        0.4473684210526315,
        0.47368421052631576,
        0.5
      ],
      "accuracies": [
        0.6,
        0.6082474226804123,
        0.6063829787234043,
        0.6086956521739131,
        0.6067415730337079,
        0.6046511627906976,
        0.5952380952380952,
        0.5925925925925926,
        0.6025641025641025,
        0.6052631578947368,
        0.6164383561643836,
        0.6197183098591549,
        0.6176470588235294,
        0.6153846153846154,
        0.6190476190476191,
        0.6166666666666667,
        0.5964912280701754,
        0.5818181818181818,
        0.5769230769230769,
        0.6
      ],
      "auc_arc": 0.3023818908012912
    },
    "ece": 0.18735559940338137,
    "calibration": {
      "bin_boundaries": [
        0.0,
        0.1,
        0.2,
        0.30000000000000004,
        0.4,
        0.5,
        0.6000000000000001,
        0.7000000000000001,
        0.8,
        0.9,
        1.0
      ],
      "bin_accuracies": [
        0.25,
        0.4,
        0.42857142857142855,
        0.25,
        0.5,
        0.7,
        0.6666666666666666,
        0.5,
        0.25,
        0.8333333333333334
      ],
      "bin_confidences": [
        0.04382278770208359,
        0.1279626339673996,
        0.2296852320432663,
        0.3444823622703552,
        0.44529521465301514,
        0.5495907664299011,
        0.6539182066917419,
        0.7397825717926025,
        0.8484616875648499,
        0.9555147290229797
      ],
      "bin_counts": [
        8,
        5,
        7,
        8,
        16,
        10,
        12,
        10,
        12,
        12
      ]
    }
  }
}