{
  "test": {
    "accuracy": 0.7962962962962963,
    "precision": 0.7407407407407407,
    "recall": 0.5714285714285714,
    "f1": 0.6451612903225806,
    "true_negatives": 66,
    "false_positives": 7,
    "false_negatives": 15,
    "true_positives": 20,
    "specificity": 0.9041095890410958,
    "auroc": 0.7782778864970645,
    "roc_curve": {
      "fpr": [
        0.0,
        0.0,
        0.0136986301369863,
        0.0136986301369863,
        0.0273972602739726,
        0.0273972602739726,
        0.0410958904109589,
        0.0410958904109589,
        0.0547945205479452,
        0.0547945205479452,
        0.0547945205479452,
        0.0547945205479452,
        0.0821917808219178,
        0.0821917808219178,
        0.1232876712328767,
        0.136986301369863,
        0.136986301369863,
        0.1780821917808219,
        0.1917808219178082,
        0.2328767123287671,
        0.273972602739726,
        0.2876712328767123,
        0.2876712328767123,
        0.3287671232876712,
        0.3287671232876712,
        0.3972602739726027,
        0.3972602739726027,
        0.5205479452054794,
        0.5205479452054794,
        0.5616438356164384,
        0.5616438356164384,
        0.589041095890411,
        0.6164383561643836,
        0.6164383561643836,
        0.7397260273972602,
        0.7397260273972602,
        0.7534246575342466,
        0.7808219178082192,
        0.7945205479452054,
        0.821917808219178,
        0.863013698630137,
        0.8904109589041096,
        0.8904109589041096,
        0.9315068493150684,
        0.9315068493150684,
        1.0
      ],
      "tpr": [
        0.0,
        0.02857142857142857,
        0.05714285714285714,
        0.08571428571428572,
        0.08571428571428572,
        0.22857142857142856,
        0.22857142857142856,
        0.2571428571428571,
        0.2571428571428571,
        0.3142857142857143,
        0.37142857142857144,
        0.5428571428571428,
        0.5428571428571428,
        0.5714285714285714,
        0.5714285714285714,
        0.6,
        0.6857142857142857,
        0.6857142857142857,
        0.7142857142857143,
        0.7142857142857143,
        0.7142857142857143,
        0.7142857142857143,
        0.7428571428571429,
        0.7428571428571429,
        0.7714285714285715,
        0.7714285714285715,
        0.8,
        0.8,
        0.8285714285714286,
        0.8285714285714286,
        0.8571428571428571,
        0.8571428571428571,
        0.8571428571428571,
        0.8857142857142857,
        0.8857142857142857,
        0.9142857142857143,
        0.9142857142857143,
        0.9142857142857143,
        0.9142857142857143,
        0.9142857142857143,
        0.9142857142857143,
        0.9142857142857143,
        0.9428571428571428,
        0.9428571428571428,
        1.0,
        1.0
      ],
      "thresholds": [
        Infinity,
        0.8377806544303894,
        0.8307619690895081,
        0.8298875689506531,
        0.8101704120635986,
        0.7795296311378479,
        0.7747824788093567,
        0.7734773755073547,
        0.7604668140411377,
        0.7556194067001343,
        0.7551764249801636,
        0.7424079179763794,
        0.7260915637016296,
        0.7087843418121338,
        0.4940943419933319,
        0.4940894842147827,
        0.481988787651062,
        0.47533637285232544,
        0.47050294280052185,
        0.45652124285697937,
        0.45538657903671265,
        0.45513758063316345,
        0.4547699987888336,
        0.4508136212825775,
        0.44980356097221375,
        0.43938496708869934,
        0.4393557906150818,
        0.3978073298931122,
        0.39410534501075745,
        0.38835832476615906,
        0.38486364483833313,
        0.3758024275302887,
        0.37290969491004944,
        0.36870843172073364,
        0.3450864255428314,
        0.3425966501235962,
        0.3417987823486328,
        0.3394182622432709,
        0.33851444721221924,
        0.333855539560318,
        0.3334868252277374,
        0.33071911334991455,
        0.3164098262786865,
        0.3012552857398987,
        0.2909836769104004,
        0.22570101916790009
      ]
    },
    "arc": {
      "rejection_rates": [
        0.0,
        0.02631578947368421,
        0.05263157894736842,
        0.07894736842105263,
        0.10526315789473684,
        0.13157894736842105,
        0.15789473684210525,
        0.18421052631578946,
        0.21052631578947367,
        0.23684210526315788,
        0.2631578947368421,
        0.2894736842105263,
        0.3157894736842105,
        0.3421052631578947,
        0.3684210526315789,
        0.39473684210526316,
        0.42105263157894735,
        0.4473684210526315,
        0.47368421052631576,
        0.5
      ],
      "accuracies": [
        0.7962962962962963,
        0.7904761904761904,
        0.8137254901960784,
        0.8181818181818182,
        0.8229166666666666,
        0.8172043010752689,
        0.8111111111111111,
        0.8181818181818182,
        0.8117647058823529,
        0.8170731707317073,
        0.810126582278481,
        0.8157894736842105,
        0.8082191780821918,
        0.8169014084507042,
        0.8088235294117647,
        0.8153846153846154,
        0.8225806451612904,
        0.8135593220338984,
        0.8214285714285714,
        0.8148148148148148
      ],
      "auc_arc": 0.40681589878879726
    },
    "ece": 0.1836895912333771,
    "calibration": {
      "bin_boundaries": [
        0.0,
        0.1,
        0.2,
        0.30000000000000004,
        0.4,
        0.5,
        0.6000000000000001,
        0.7000000000000001,
        0.8,
        0.9,
        1.0
      ],
      "bin_accuracies": [
        NaN,
        NaN,
        0.2857142857142857,
        0.1388888888888889,
        0.21052631578947367,
        0.0,
        NaN,
        0.8095238095238095,
        0.6,
        NaN
      ],
      "bin_confidences": [
        0.05,
        0.15000000000000002,
        0.26925453543663025,
        0.35179054737091064,
        0.45447614789009094,
        0.5900431275367737,
        0.6500000000000001,
        0.7590810060501099,
        0.8278724551200867,
        0.95
      ],
      "bin_counts": [
        0,
        0,
        7,
        36,
        38,
        1,
        0,
        21,
        5,
        0
      ]
    }
  }
}