{
  "test": {
    "accuracy": 0.64,
    "precision": 0.6206896551724138,
    "recall": 0.72,
    "f1": 0.6666666666666666,
    "true_negatives": 28,
    "false_positives": 22,
    "false_negatives": 14,
    "true_positives": 36,
    "specificity": 0.56,
    "auroc": 0.6796000000000001,
    "roc_curve": {
      "fpr": [
        0.0,
        0.02,
        0.04,
        0.04,
        0.06,
        0.06,
        0.1,
        0.1,
        0.12,
        0.12,
        0.14,
        0.14,
        0.18,
        0.18,
        0.2,
        0.2,
        0.22,
        0.22,
        0.24,
        0.24,
        0.26,
        0.26,
        0.28,
        0.28,
        0.3,
        0.3,
        0.34,
        0.34,
        0.42,
        0.42,
        0.54,
        0.54,
        0.56,
        0.56,
        0.58,
        0.58,
        0.6,
        0.6,
        0.62,
        0.62,
        0.76,
        0.76,
        0.78,
        0.78,
        0.9,
        0.9,
        1.0
      ],
      "tpr": [
        0.0,
        0.0,
        0.0,
        0.08,
        0.08,
        0.14,
        0.14,
        0.2,
        0.2,
        0.24,
        0.24,
        0.28,
        0.28,
        0.32,
        0.32,
        0.36,
        0.36,
        0.42,
        0.42,
        0.46,
        0.46,
        0.6,
        0.6,
        0.62,
        0.62,
        0.64,
        0.64,
        0.68,
        0.68,
        0.72,
        0.72,
        0.78,
        0.78,
        0.84,
        0.84,
        0.86,
        0.86,
        0.9,
        0.9,
        0.92,
        0.92,
        0.94,
        0.94,
        0.96,
        0.96,
        1.0,
        1.0
      ],
      "thresholds": [
        Infinity,
        0.7866612076759338,
        0.7753275036811829,
        0.7591692805290222,
        0.7565053701400757,
        0.7541678547859192,
        0.7331677079200745,
        0.7084686160087585,
        0.7032056450843811,
        0.6813546419143677,
        0.674220860004425,
        0.6613509654998779,
        0.649431586265564,
        0.6304705142974854,
        0.6286846995353699,
        0.6270087957382202,
        0.6201303601264954,
        0.6115919351577759,
        0.6110871434211731,
        0.6029748916625977,
        0.5963140726089478,
        0.5631939172744751,
        0.5620260834693909,
        0.5599412322044373,
        0.5599119067192078,
        0.5560111999511719,
        0.5529746413230896,
        0.5474456548690796,
        0.5308774709701538,
        0.5061087012290955,
        0.49163195490837097,
        0.4714849889278412,
        0.46571803092956543,
        0.4551561176776886,
        0.4406772255897522,
        0.43656104803085327,
        0.43502622842788696,
        0.4294091761112213,
        0.4278717041015625,
        0.42145097255706787,
        0.3822459578514099,
        0.37949511408805847,
        0.3681965470314026,
        0.35983988642692566,
        0.31381967663764954,
        0.30739107728004456,
        0.23097023367881775
      ]
    },
    "arc": {
      "rejection_rates": [
        0.0,
        0.02631578947368421,
        0.05263157894736842,
        0.07894736842105263,
        0.10526315789473684,
        0.13157894736842105,
        0.15789473684210525,
        0.18421052631578946,
        0.21052631578947367,
        0.23684210526315788,
        0.2631578947368421,
        0.2894736842105263,
        0.3157894736842105,
        0.3421052631578947,
        0.3684210526315789,
        0.39473684210526316,
        0.42105263157894735,
        0.4473684210526315,
        0.47368421052631576,
        0.5
      ],
      "accuracies": [
        0.64,
        0.6391752577319587,
        0.6276595744680851,
        0.6195652173913043,
        0.6404494382022472,
        0.6511627906976745,
        0.6666666666666666,
        0.691358024691358,
        0.6923076923076923,
        0.6973684210526315,
        0.6986301369863014,
        0.704225352112676,
        0.7058823529411765,
        0.7076923076923077,
        0.7142857142857143,
        0.7166666666666667,
        0.7017543859649122,
        0.7090909090909091,
        0.6923076923076923,
        0.7
      ],
      "auc_arc": 0.3406907526646835
    },
    "ece": 0.05729527324438095,
    "calibration": {
      "bin_boundaries": [
        0.0,
        0.1,
        0.2,
        0.30000000000000004,
        0.4,
        0.5,
        0.6000000000000001,
        0.7000000000000001,
        0.8,
        0.9,
        1.0
      ],
      "bin_accuracies": [
        NaN,
        NaN,
        0.0,
        0.26666666666666666,
        0.43478260869565216,
        0.5652173913043478,
        0.6842105263157895,
        0.625,
        NaN,
        NaN
      ],
      "bin_confidences": [
        0.05,
        0.15000000000000002,
        0.2633470892906189,
        0.3460916578769684,
        0.45198673009872437,
        0.5538728833198547,
        0.6385079622268677,
        0.7474873065948486,
        0.8500000000000001,
        0.95
      ],
      "bin_counts": [
        0,
        0,
        4,
        15,
        23,
        23,
        19,
        16,
        0,
        0
      ]
    }
  }
}