{
  "test": {
    "accuracy": 0.8055555555555556,
    "precision": 0.7333333333333333,
    "recall": 0.6285714285714286,
    "f1": 0.676923076923077,
    "true_negatives": 65,
    "false_positives": 8,
    "false_negatives": 13,
    "true_positives": 22,
    "specificity": 0.8904109589041096,
    "auroc": 0.7972602739726027,
    "roc_curve": {
      "fpr": [
        0.0,
        0.0,
        0.0,
        0.0273972602739726,
        0.0273972602739726,
        0.0410958904109589,
        0.0410958904109589,
        0.0547945205479452,
        0.0547945205479452,
        0.0821917808219178,
        0.0821917808219178,
        0.0958904109589041,
        0.0958904109589041,
        0.1095890410958904,
        0.1095890410958904,
        0.1232876712328767,
        0.1232876712328767,
        0.1643835616438356,
        0.1643835616438356,
        0.2876712328767123,
        0.2876712328767123,
        0.3424657534246575,
        0.3424657534246575,
        0.3698630136986301,
        0.3698630136986301,
        0.410958904109589,
        0.410958904109589,
        0.4657534246575342,
        0.4657534246575342,
        0.6575342465753424,
        0.6575342465753424,
        0.7808219178082192,
        0.7808219178082192,
        0.9178082191780822,
        0.9178082191780822,
        1.0
      ],
      "tpr": [
        0.0,
        0.02857142857142857,
        0.05714285714285714,
        0.05714285714285714,
        0.22857142857142856,
        0.22857142857142856,
        0.3142857142857143,
        0.3142857142857143,
        0.34285714285714286,
        0.34285714285714286,
        0.4,
        0.4,
        0.45714285714285713,
        0.45714285714285713,
        0.6285714285714286,
        0.6285714285714286,
        0.6571428571428571,
        0.6571428571428571,
        0.6857142857142857,
        0.6857142857142857,
        0.7428571428571429,
        0.7428571428571429,
        0.7714285714285715,
        0.7714285714285715,
        0.8,
        0.8,
        0.8285714285714286,
        0.8285714285714286,
        0.9142857142857143,
        0.9142857142857143,
        0.9428571428571428,
        0.9428571428571428,
        0.9714285714285714,
        0.9714285714285714,
        1.0,
        1.0
      ],
      "thresholds": [
        Infinity,
        0.9730675220489502,
        0.9681150913238525,
        0.9624923467636108,
        0.9112066030502319,
        0.9093490839004517,
        0.8872825503349304,
        0.8855160474777222,
        0.8843669891357422,
        0.872489869594574,
        0.8405545353889465,
        0.8264317512512207,
        0.7916151285171509,
        0.7915292382240295,
        0.5378218293190002,
        0.4986394941806793,
        0.49298086762428284,
        0.40735924243927,
        0.4006001055240631,
        0.2823733687400818,
        0.2787606120109558,
        0.22111523151397705,
        0.21983882784843445,
        0.20372705161571503,
        0.1844811588525772,
        0.16837981343269348,
        0.16549265384674072,
        0.12333352863788605,
        0.11497392505407333,
        0.06305854022502899,
        0.06080096587538719,
        0.044739555567502975,
        0.04458286985754967,
        0.024160556495189667,
        0.020165378227829933,
        0.01084333285689354
      ]
    },
    "arc": {
      "rejection_rates": [
        0.0,
        0.02631578947368421,
        0.05263157894736842,
        0.07894736842105263,
        0.10526315789473684,
        0.13157894736842105,
        0.15789473684210525,
        0.18421052631578946,
        0.21052631578947367,
        0.23684210526315788,
        0.2631578947368421,
        0.2894736842105263,
        0.3157894736842105,
        0.3421052631578947,
        0.3684210526315789,
        0.39473684210526316,
        0.42105263157894735,
        0.4473684210526315,
        0.47368421052631576,
        0.5
      ],
      "accuracies": [
        0.8055555555555556,
        0.8095238095238095,
        0.803921568627451,
        0.8080808080808081,
        0.8020833333333334,
        0.7956989247311828,
        0.7888888888888889,
        0.8068181818181818,
        0.8,
        0.7926829268292683,
        0.7974683544303798,
        0.8026315789473685,
        0.8082191780821918,
        0.8169014084507042,
        0.8235294117647058,
        0.8153846153846154,
        0.8225806451612904,
        0.864406779661017,
        0.8928571428571429,
        0.8888888888888888
      ],
      "auc_arc": 0.4078657836524885
    },
    "ece": 0.14039736461860164,
    "calibration": {
      "bin_boundaries": [
        0.0,
        0.1,
        0.2,
        0.30000000000000004,
        0.4,
        0.5,
        0.6000000000000001,
        0.7000000000000001,
        0.8,
        0.9,
        1.0
      ],
      "bin_accuracies": [
        0.075,
        0.35714285714285715,
        0.3,
        0.0,
        0.3333333333333333,
        1.0,
        1.0,
        0.8333333333333334,
        0.6,
        0.7272727272727273
      ],
      "bin_confidences": [
        0.0495053231716156,
        0.14037692546844482,
        0.24513299763202667,
        0.3807489275932312,
        0.45053601264953613,
        0.5442731976509094,
        0.6155905723571777,
        0.7689354419708252,
        0.8712498545646667,
        0.9468889832496643
      ],
      "bin_counts": [
        40,
        14,
        10,
        8,
        6,
        2,
        1,
        6,
        10,
        11
      ]
    }
  }
}