{
  "test": {
    "accuracy": 0.81,
    "precision": 0.8876404494382022,
    "recall": 0.8977272727272727,
    "f1": 0.8926553672316384,
    "true_negatives": 2,
    "false_positives": 10,
    "false_negatives": 9,
    "true_positives": 79,
    "specificity": 0.16666666666666666,
    "auroc": 0.7026515151515151,
    "roc_curve": {
      "fpr": [
        0.0,
        0.0,
        0.0,
        0.08333333333333333,
        0.08333333333333333,
        0.16666666666666666,
        0.16666666666666666,
        0.25,
        0.25,
        0.3333333333333333,
        0.3333333333333333,
        0.4166666666666667,
        0.4166666666666667,
        0.5,
        0.5,
        0.5833333333333334,
        0.5833333333333334,
        0.6666666666666666,
        0.6666666666666666,
        0.75,
        0.75,
        0.8333333333333334,
        0.8333333333333334,
        0.9166666666666666,
        0.9166666666666666,
        1.0,
        1.0
      ],
      "tpr": [
        0.0,
        0.011363636363636364,
        0.1590909090909091,
        0.1590909090909091,
        0.3522727272727273,
        0.3522727272727273,
        0.5454545454545454,
        0.5454545454545454,
        0.6590909090909091,
        0.6590909090909091,
        0.7159090909090909,
        0.7159090909090909,
        0.7727272727272727,
        0.7727272727272727,
        0.7840909090909091,
        0.7840909090909091,
        0.8068181818181818,
        0.8068181818181818,
        0.8181818181818182,
        0.8181818181818182,
        0.875,
        0.875,
        0.9545454545454546,
        0.9545454545454546,
        0.9886363636363636,
        0.9886363636363636,
        1.0
      ],
      "thresholds": [
        Infinity,
        0.9864098429679871,
        0.9575847387313843,
        0.9574405550956726,
        0.9201647043228149,
        0.916658341884613,
        0.8692747950553894,
        0.8682276606559753,
        0.8269332051277161,
        0.8234412670135498,
        0.7918586134910583,
        0.7861740589141846,
        0.7194761037826538,
        0.7156797647476196,
        0.7128815650939941,
        0.6979371905326843,
        0.6901663541793823,
        0.6815669536590576,
        0.6754448413848877,
        0.6542488932609558,
        0.5706615447998047,
        0.5697153210639954,
        0.40871211886405945,
        0.4067036807537079,
        0.3838285505771637,
        0.325945645570755,
        0.28040191531181335
      ]
    },
    "arc": {
      "rejection_rates": [
        0.0,
        0.02631578947368421,
        0.05263157894736842,
        0.07894736842105263,
        0.10526315789473684,
        0.13157894736842105,
        0.15789473684210525,
        0.18421052631578946,
        0.21052631578947367,
        0.23684210526315788,
        0.2631578947368421,
        0.2894736842105263,
        0.3157894736842105,
        0.3421052631578947,
        0.3684210526315789,
        0.39473684210526316,
        0.42105263157894735,
        0.4473684210526315,
        0.47368421052631576,
        0.5
      ],
      "accuracies": [
        0.81,
        0.8144329896907216,
        0.8297872340425532,
        0.8478260869565217,
        0.8651685393258427,
        0.8837209302325582,
        0.8809523809523809,
        0.8888888888888888,
        0.8974358974358975,
        0.9078947368421053,
        0.9178082191780822,
        0.9295774647887324,
        0.9264705882352942,
        0.9384615384615385,
        0.9365079365079365,
        0.95,
        0.9473684210526315,
        0.9454545454545454,
        0.9423076923076923,
        0.96
      ],
      "auc_arc": 0.4509227392198401
    },
    "ece": 0.08167248874902726,
    "calibration": {
      "bin_boundaries": [
        0.0,
        0.1,
        0.2,
        0.30000000000000004,
        0.4,
        0.5,
        0.6000000000000001,
        0.7000000000000001,
        0.8,
        0.9,
        1.0
      ],
      "bin_accuracies": [
        NaN,
        NaN,
        1.0,
        0.6666666666666666,
        0.8571428571428571,
        0.75,
        0.7,
        0.8,
        0.9230769230769231,
        0.9487179487179487
      ],
      "bin_confidences": [
        0.05,
        0.15000000000000002,
        0.28040191531181335,
        0.36819425225257874,
        0.42525115609169006,
        0.5653653144836426,
        0.6598576307296753,
        0.7463270425796509,
        0.857050895690918,
        0.9452404379844666
      ],
      "bin_counts": [
        0,
        0,
        1,
        3,
        7,
        4,
        10,
        10,
        26,
        39
      ]
    }
  }
}