{
  "test": {
    "accuracy": 0.69,
    "precision": 0.9384615384615385,
    "recall": 0.6931818181818182,
    "f1": 0.7973856209150327,
    "true_negatives": 8,
    "false_positives": 4,
    "false_negatives": 27,
    "true_positives": 61,
    "specificity": 0.6666666666666666,
    "auroc": 0.7490530303030302,
    "roc_curve": {
      "fpr": [
        0.0,
        0.0,
        0.0,
        0.0,
        0.0,
        0.0,
        0.0,
        0.08333333333333333,
        0.08333333333333333,
        0.16666666666666666,
        0.16666666666666666,
        0.25,
        0.25,
        0.25,
        0.25,
        0.3333333333333333,
        0.3333333333333333,
        0.3333333333333333,
        0.3333333333333333,
        0.4166666666666667,
        0.4166666666666667,
        0.5,
        0.5,
        0.5833333333333334,
        0.5833333333333334,
        0.75,
        0.75,
        0.8333333333333334,
        0.8333333333333334,
        0.9166666666666666,
        0.9166666666666666,
        1.0
      ],
      "tpr": [
        0.0,
        0.011363636363636364,
        0.045454545454545456,
        0.07954545454545454,
        0.19318181818181818,
        0.2159090909090909,
        0.3068181818181818,
        0.3068181818181818,
        0.3409090909090909,
        0.3409090909090909,
        0.5340909090909091,
        0.5340909090909091,
        0.5909090909090909,
        0.625,
        0.6704545454545454,
        0.6704545454545454,
        0.7159090909090909,
        0.7613636363636364,
        0.7727272727272727,
        0.7727272727272727,
        0.7954545454545454,
        0.7954545454545454,
        0.8522727272727273,
        0.8522727272727273,
        0.9204545454545454,
        0.9204545454545454,
        0.9318181818181818,
        0.9318181818181818,
        0.9431818181818182,
        0.9431818181818182,
        1.0,
        1.0
      ],
      "thresholds": [
        Infinity,
        0.6579700708389282,
        0.6568747162818909,
        0.6561169028282166,
        0.641205906867981,
        0.64034503698349,
        0.6245017647743225,
        0.6236328482627869,
        0.6085116267204285,
        0.6079987287521362,
        0.5406632423400879,
        0.5368560552597046,
        0.5277730226516724,
        0.5277478098869324,
        0.5214742422103882,
        0.5198597311973572,
        0.4828304946422577,
        0.47521165013313293,
        0.47501999139785767,
        0.47044551372528076,
        0.467120498418808,
        0.46541550755500793,
        0.45507586002349854,
        0.45010608434677124,
        0.43819600343704224,
        0.42106640338897705,
        0.4190637171268463,
        0.4142107665538788,
        0.4074609875679016,
        0.39900487661361694,
        0.38276398181915283,
        0.3677143454551697
      ]
    },
    "arc": {
      "rejection_rates": [
        0.0,
        0.02631578947368421,
        0.05263157894736842,
        0.07894736842105263,
        0.10526315789473684,
        0.13157894736842105,
        0.15789473684210525,
        0.18421052631578946,
        0.21052631578947367,
        0.23684210526315788,
        0.2631578947368421,
        0.2894736842105263,
        0.3157894736842105,
        0.3421052631578947,
        0.3684210526315789,
        0.39473684210526316,
        0.42105263157894735,
        0.4473684210526315,
        0.47368421052631576,
        0.5
      ],
      "accuracies": [
        0.69,
        0.7010309278350515,
        0.7021276595744681,
        0.717391304347826,
        0.7078651685393258,
        0.7325581395348837,
        0.7261904761904762,
        0.7160493827160493,
        0.7307692307692307,
        0.7236842105263158,
        0.726027397260274,
        0.7464788732394366,
        0.75,
        0.7692307692307693,
        0.7619047619047619,
        0.7833333333333333,
        0.8070175438596491,
        0.8,
        0.8269230769230769,
        0.82
      ],
      "auc_arc": 0.3732521646259192
    },
    "ece": 0.34084538787603386,
    "calibration": {
      "bin_boundaries": [
        0.0,
        0.1,
        0.2,
        0.30000000000000004,
        0.4,
        0.5,
        0.6000000000000001,
        0.7000000000000001,
        0.8,
        0.9,
        1.0
      ],
      "bin_accuracies": [
        NaN,
        NaN,
        NaN,
        0.7142857142857143,
        0.7857142857142857,
        0.9393939393939394,
        0.9375,
        NaN,
        NaN,
        NaN
      ],
      "bin_confidences": [
        0.05,
        0.15000000000000002,
        0.25,
        0.3894423544406891,
        0.4549677073955536,
        0.5445491671562195,
        0.640004575252533,
        0.75,
        0.8500000000000001,
        0.95
      ],
      "bin_counts": [
        0,
        0,
        0,
        7,
        28,
        33,
        32,
        0,
        0,
        0
      ]
    }
  }
}