{
  "test": {
    "accuracy": 0.69,
    "precision": 0.7866666666666666,
    "recall": 0.7972972972972973,
    "f1": 0.7919463087248322,
    "true_negatives": 10,
    "false_positives": 16,
    "false_negatives": 15,
    "true_positives": 59,
    "specificity": 0.38461538461538464,
    "auroc": 0.6320166320166319,
    "roc_curve": {
      "fpr": [
        0.0,
        0.0,
        0.07692307692307693,
        0.07692307692307693,
        0.11538461538461539,
        0.11538461538461539,
        0.19230769230769232,
        0.19230769230769232,
        0.23076923076923078,
        0.23076923076923078,
        0.2692307692307692,
        0.2692307692307692,
        0.38461538461538464,
        0.38461538461538464,
        0.4230769230769231,
        0.4230769230769231,
        0.46153846153846156,
        0.46153846153846156,
        0.5,
        0.5,
        0.5384615384615384,
        0.5384615384615384,
        0.5769230769230769,
        0.5769230769230769,
        0.6153846153846154,
        0.6153846153846154,
        0.6538461538461539,
        0.6538461538461539,
        0.7692307692307693,
        0.7692307692307693,
        0.8846153846153846,
        0.8846153846153846,
        0.9230769230769231,
        0.9230769230769231,
        0.9615384615384616,
        0.9615384615384616,
        1.0
      ],
      "tpr": [
        0.0,
        0.013513513513513514,
        0.013513513513513514,
        0.12162162162162163,
        0.12162162162162163,
        0.3918918918918919,
        0.3918918918918919,
        0.4189189189189189,
        0.4189189189189189,
        0.4594594594594595,
        0.4594594594594595,
        0.527027027027027,
        0.527027027027027,
        0.5540540540540541,
        0.5540540540540541,
        0.6486486486486487,
        0.6486486486486487,
        0.6621621621621622,
        0.6621621621621622,
        0.6891891891891891,
        0.6891891891891891,
        0.7702702702702703,
        0.7702702702702703,
        0.7972972972972973,
        0.7972972972972973,
        0.8108108108108109,
        0.8108108108108109,
        0.8243243243243243,
        0.8243243243243243,
        0.918918918918919,
        0.918918918918919,
        0.9324324324324325,
        0.9324324324324325,
        0.9459459459459459,
        0.9459459459459459,
        1.0,
        1.0
      ],
      "thresholds": [
        Infinity,
        0.9967899918556213,
        0.9882870316505432,
        0.9782442450523376,
        0.9777629971504211,
        0.908811092376709,
        0.9060846567153931,
        0.9026183485984802,
        0.8937275409698486,
        0.882247269153595,
        0.8781291842460632,
        0.8491559624671936,
        0.8286988735198975,
        0.8173770308494568,
        0.8128623962402344,
        0.6951013207435608,
        0.6860929131507874,
        0.6838090419769287,
        0.6813147068023682,
        0.6555719971656799,
        0.6538554430007935,
        0.5689874291419983,
        0.5442129969596863,
        0.5198974013328552,
        0.5080198049545288,
        0.4876341223716736,
        0.46423378586769104,
        0.4493922293186188,
        0.41098305583000183,
        0.3333825469017029,
        0.2463049292564392,
        0.20003241300582886,
        0.1904081106185913,
        0.16558043658733368,
        0.1453661322593689,
        0.05813652649521828,
        0.049692098051309586
      ]
    },
    "arc": {
      "rejection_rates": [
        0.0,
        0.02631578947368421,
        0.05263157894736842,
        0.07894736842105263,
        0.10526315789473684,
        0.13157894736842105,
        0.15789473684210525,
        0.18421052631578946,
        0.21052631578947367,
        0.23684210526315788,
        0.2631578947368421,
        0.2894736842105263,
        0.3157894736842105,
        0.3421052631578947,
        0.3684210526315789,
        0.39473684210526316,
        0.42105263157894735,
        0.4473684210526315,
        0.47368421052631576,
        0.5
      ],
      "accuracies": [
        0.69,
        0.7010309278350515,
        0.7021276595744681,
        0.7065217391304348,
        0.6966292134831461,
        0.7093023255813954,
        0.7023809523809523,
        0.7160493827160493,
        0.7307692307692307,
        0.7368421052631579,
        0.7534246575342466,
        0.7605633802816901,
        0.75,
        0.7384615384615385,
        0.7301587301587301,
        0.7333333333333333,
        0.7368421052631579,
        0.7454545454545455,
        0.7884615384615384,
        0.78
      ],
      "auc_arc": 0.3650882464653333
    },
    "ece": 0.18378068666905162,
    "calibration": {
      "bin_boundaries": [
        0.0,
        0.1,
        0.2,
        0.30000000000000004,
        0.4,
        0.5,
        0.6000000000000001,
        0.7000000000000001,
        0.8,
        0.9,
        1.0
      ],
      "bin_accuracies": [
        0.6666666666666666,
        0.6,
        0.25,
        1.0,
        0.3333333333333333,
        0.6666666666666666,
        0.7272727272727273,
        1.0,
        0.6666666666666666,
        0.8611111111111112
      ],
      "bin_confidences": [
        0.059919100254774094,
        0.15598084032535553,
        0.2411821037530899,
        0.3637580871582031,
        0.44788697361946106,
        0.5447016358375549,
        0.6566464900970459,
        0.7521047592163086,
        0.8508220911026001,
        0.954066276550293
      ],
      "bin_counts": [
        3,
        5,
        4,
        7,
        6,
        6,
        11,
        4,
        18,
        36
      ]
    }
  }
}