{
  "platt": {
    "accuracy": 0.8666666666666667,
    "precision": 0.8666666666666667,
    "recall": 1.0,
    "specificity": 0.0,
    "auroc": 0.6442307692307692,
    "ece": 0.01731818248787731,
    "brier": 0.11559616400441088,
    "confusion_matrix": {
      "TP": 26,
      "FP": 4,
      "TN": 0,
      "FN": 0
    }
  }
}