feature_subset,n_features,auroc,accuracy,precision,recall,f1
Naive-Only,4,0.616943866943867,0.62,0.8,0.6486486486486487,0.7164179104477612
Semantic-Only,3,0.6377338877338877,0.65,0.8095238095238095,0.6891891891891891,0.7445255474452555
Context-Only,21,0.5441787941787942,0.64,0.796875,0.6891891891891891,0.7391304347826086
Semantic+Context,24,0.6294178794178795,0.65,0.7910447761194029,0.7162162162162162,0.75177304964539
Full,41,0.6320166320166319,0.69,0.7866666666666666,0.7972972972972973,0.7919463087248322
