feature_subset,n_features,auroc,accuracy,precision,recall,f1
Naive-Only,4,0.7054924242424242,0.75,0.8987341772151899,0.8068181818181818,0.8502994011976048
Semantic-Only,3,0.5402462121212122,0.73,0.8860759493670886,0.7954545454545454,0.8383233532934131
Context-Only,21,0.5918560606060607,0.73,0.8765432098765432,0.8068181818181818,0.8402366863905325
Semantic+Context,24,0.6903409090909092,0.82,0.9166666666666666,0.875,0.8953488372093024
Full,41,0.7026515151515151,0.81,0.8876404494382022,0.8977272727272727,0.8926553672316384
