feature_subset,n_features,auroc,accuracy,precision,recall,f1
Naive-Only,4,0.5,0.6759259259259259,0.0,0.0,0.0
Semantic-Only,3,0.7215264187866928,0.7870370370370371,0.7,0.6,0.6461538461538462
Context-Only,21,0.5698630136986302,0.5833333333333334,0.3611111111111111,0.37142857142857144,0.36619718309859156
Semantic+Context,24,0.7616438356164383,0.7222222222222222,0.5714285714285714,0.5714285714285714,0.5714285714285714
Full,41,0.7972602739726027,0.8055555555555556,0.7333333333333333,0.6285714285714286,0.676923076923077
