feature_subset,n_features,auroc,accuracy,precision,recall,f1
Naive-Only,4,0.4732,0.49,0.4909090909090909,0.54,0.5142857142857142
Semantic-Only,3,0.5462,0.53,0.5306122448979592,0.52,0.5252525252525253
Context-Only,24,0.6592,0.59,0.5818181818181818,0.64,0.6095238095238096
Semantic+Context,27,0.6284,0.59,0.5849056603773585,0.62,0.6019417475728155
Full,48,0.6192,0.6,0.5892857142857143,0.66,0.6226415094339622
