feature_subset,n_features,auroc,accuracy,precision,recall,f1
Naive-Only,4,0.5141333333333333,0.59,0.19230769230769232,0.2,0.19607843137254902
Semantic-Only,3,0.5810666666666667,0.55,0.3,0.6,0.4
Context-Only,21,0.5791999999999999,0.66,0.3548387096774194,0.44,0.39285714285714285
Semantic+Context,24,0.6810666666666667,0.73,0.46153846153846156,0.48,0.47058823529411764
Full,41,0.6714666666666667,0.74,0.47368421052631576,0.36,0.4090909090909091
