feature_subset,n_domains,n_features,auroc_mean,auroc_std,auroc_min,auroc_max,accuracy_mean,accuracy_std,precision_mean,precision_std,recall_mean,recall_std,f1_mean,f1_std
Full,5,41,0.6845190175614833,0.0711210530943357,0.6192,0.7972602739726027,0.7291111111111112,0.08761377083259332,0.6941220748500465,0.1636573402673799,0.6687191997191997,0.20369857444691034,0.6786514342808838,0.1833278399035933
Semantic+Context,5,24,0.6781738581583787,0.054722538832787646,0.6284,0.7616438356164383,0.7024444444444444,0.08712627419051606,0.6651168272260921,0.18424890879779915,0.6525289575289575,0.15079048257999528,0.6582160882300394,0.1664991977113177
Semantic-Only,5,3,0.6053546370616919,0.07561842092588011,0.5402462121212122,0.7215264187866928,0.6494074074074074,0.11132990803237275,0.6452424007577715,0.234691266342677,0.6409287469287469,0.10509683532495269,0.630851054429008,0.1736692828973916
Context-Only,5,21,0.588859573696697,0.04303284565427292,0.5441787941787942,0.6592,0.6406666666666666,0.05960052199622265,0.5942372424966511,0.2411288056740666,0.5894871884871884,0.18001442562227316,0.5895890513305371,0.208681352493398
Naive-Only,5,4,0.5619539249039249,0.09699168971221014,0.4732,0.7054924242424242,0.6251851851851852,0.09707378439059748,0.47639019208639455,0.3843692982575497,0.43909336609336613,0.3313931679931334,0.4554162914607258,0.3543233864057044
