{
  "rq1": {
    "test": "RQ1: Paired t-test (Semantic+Context vs Naive-Only)",
    "hybrid_mean": 0.6781738581583787,
    "naive_mean": 0.5619539249039249,
    "mean_improvement": 0.11621993325445382,
    "ci_95": [
      -0.02705792318423056,
      0.2594977896931382
    ],
    "std_improvement": 0.11539181022076425,
    "t_statistic": 2.2521153849676208,
    "p_value_raw": 0.08744010254009404,
    "cohen_d": 1.0071766187921416,
    "significant_raw": 0,
    "domains": [
      "math",
      "is_agents",
      "psychology",
      "medicine",
      "finance"
    ],
    "hybrid_aurocs": [
      0.7616438356164383,
      0.6903409090909092,
      0.6810666666666667,
      0.6284,
      0.6294178794178795
    ],
    "naive_aurocs": [
      0.5,
      0.7054924242424242,
      0.5141333333333333,
      0.4732,
      0.616943866943867
    ],
    "per_domain_cis": {
      "math": {
        "diff": 0.26164383561643834,
        "ci": [
          0.26164383561643834,
          0.26164383561643834
        ]
      },
      "is_agents": {
        "diff": -0.015151515151515027,
        "ci": [
          -0.015151515151515027,
          -0.015151515151515027
        ]
      },
      "psychology": {
        "diff": 0.16693333333333338,
        "ci": [
          0.16693333333333338,
          0.16693333333333338
        ]
      },
      "medicine": {
        "diff": 0.15519999999999995,
        "ci": [
          0.15519999999999995,
          0.15519999999999995
        ]
      },
      "finance": {
        "diff": 0.012474012474012475,
        "ci": [
          0.012474012474012475,
          0.012474012474012475
        ]
      }
    },
    "p_value_bonferroni": 0.26232030762028213,
    "p_value_fdr": 0.13116015381014107,
    "significant_bonferroni": 0,
    "significant_fdr": 0
  },
  "rq2": {
    "test": "RQ2: Paired t-test (Semantic-Only vs Naive-Only, one-tailed)",
    "semantic_mean": 0.6053546370616918,
    "naive_mean": 0.5619539249039249,
    "mean_improvement": 0.04340071215776696,
    "ci_95": [
      -0.12910061971965325,
      0.21590204403518715
    ],
    "std_improvement": 0.13892754571846047,
    "t_statistic": 0.6985435620761352,
    "p_value_raw": 0.2616594412763828,
    "cohen_d": 0.3123981780094165,
    "significant_raw": 0,
    "domains": [
      "math",
      "is_agents",
      "psychology",
      "medicine",
      "finance"
    ],
    "semantic_aurocs": [
      0.7215264187866928,
      0.5402462121212122,
      0.5810666666666667,
      0.5462,
      0.6377338877338877
    ],
    "naive_aurocs": [
      0.5,
      0.7054924242424242,
      0.5141333333333333,
      0.4732,
      0.616943866943867
    ],
    "p_value_bonferroni": 0.7849783238291483,
    "p_value_fdr": 0.2616594412763828,
    "significant_bonferroni": 0,
    "significant_fdr": 0
  },
  "rq3a": {
    "test": "RQ3a: Chi-square test (hallucination rate differences)",
    "chi_square": 614.6436864179635,
    "p_value_raw": 1.0491162636568459e-131,
    "degrees_of_freedom": 4,
    "significant_raw": 1,
    "domains": [
      "math",
      "is_agents",
      "psychology",
      "medicine",
      "finance"
    ],
    "contingency_table": [
      [
        157,
        385
      ],
      [
        439,
        61
      ],
      [
        125,
        375
      ],
      [
        248,
        252
      ],
      [
        369,
        131
      ]
    ],
    "rate_ci_per_domain": {
      "math": {
        "rate": 0.2896678966789668,
        "ci_95": [
          0.2514796822778016,
          0.327856111080132
        ]
      },
      "is_agents": {
        "rate": 0.878,
        "ci_95": [
          0.8493126612235476,
          0.9066873387764524
        ]
      },
      "psychology": {
        "rate": 0.25,
        "ci_95": [
          0.2120454606435502,
          0.2879545393564498
        ]
      },
      "medicine": {
        "rate": 0.496,
        "ci_95": [
          0.4521752754296755,
          0.5398247245703245
        ]
      },
      "finance": {
        "rate": 0.738,
        "ci_95": [
          0.69945731945663,
          0.77654268054337
        ]
      }
    },
    "p_value_bonferroni": 3.147348790970538e-131,
    "p_value_fdr": 3.147348790970538e-131,
    "significant_bonferroni": 1,
    "significant_fdr": 1
  },
  "rq3c": {
    "test": "RQ3c: Feature importance variability analysis",
    "total_features": 41,
    "high_variance_count": 26,
    "low_variance_count": 12
  }
}