{
  "rq1_single_support": 0,
  "rq1_cv_support": 0,
  "rq1_single_p": 0.08744010254009404,
  "rq1_cv_p": 0.0763493229362507,
  "rq2_single_support": 0,
  "rq2_cv_support": 0,
  "rq2_single_p": 0.2616594412763828,
  "rq2_cv_p": 0.19198572182879517
}