{
  "rq1": {
    "test": "RQ1: Paired t-test (Semantic+Context vs Naive-Only)",
    "hybrid_mean": 0.669682164637148,
    "naive_mean": 0.5582772220655656,
    "mean_improvement": 0.11140494257158233,
    "ci_95": [
      -0.018794785850566972,
      0.24160467099373162
    ],
    "std_improvement": 0.10485906703464115,
    "t_statistic": 2.375655550484946,
    "p_value_raw": 0.0763493229362507,
    "cohen_d": 1.0624254604018046,
    "significant_raw": 0,
    "domains": [
      "math",
      "is_agents",
      "psychology",
      "medicine",
      "finance"
    ],
    "hybrid_aurocs": [
      0.7416396103896105,
      0.6281327867534764,
      0.6548266666666666,
      0.6291385034013606,
      0.6946732559746258
    ],
    "naive_aurocs": [
      0.5,
      0.641463708705088,
      0.5212800000000001,
      0.4587893557422969,
      0.6698530458804431
    ],
    "per_domain_cis": {
      "math": {
        "diff": 0.24163961038961046,
        "ci": [
          0.24163961038961046,
          0.24163961038961046
        ]
      },
      "is_agents": {
        "diff": -0.013330921951611563,
        "ci": [
          -0.013330921951611563,
          -0.013330921951611563
        ]
      },
      "psychology": {
        "diff": 0.13354666666666648,
        "ci": [
          0.13354666666666648,
          0.13354666666666648
        ]
      },
      "medicine": {
        "diff": 0.17034914765906367,
        "ci": [
          0.17034914765906367,
          0.17034914765906367
        ]
      },
      "finance": {
        "diff": 0.02482021009418267,
        "ci": [
          0.02482021009418267,
          0.02482021009418267
        ]
      }
    },
    "p_value_bonferroni": 0.2290479688087521,
    "p_value_fdr": 0.11452398440437606,
    "significant_bonferroni": 0,
    "significant_fdr": 0
  },
  "rq2": {
    "test": "RQ2: Paired t-test (Semantic-Only vs Naive-Only, one-tailed)",
    "semantic_mean": 0.6071615164983469,
    "naive_mean": 0.5582772220655656,
    "mean_improvement": 0.04888429443278127,
    "ci_95": [
      -0.09006200029932426,
      0.18783058916488682
    ],
    "std_improvement": 0.11190329665119549,
    "t_statistic": 0.9768130935814184,
    "p_value_raw": 0.19198572182879517,
    "cohen_d": 0.436844095711983,
    "significant_raw": 0,
    "domains": [
      "math",
      "is_agents",
      "psychology",
      "medicine",
      "finance"
    ],
    "semantic_aurocs": [
      0.7218867825722665,
      0.5574197713206334,
      0.55888,
      0.5244864345738296,
      0.673134594025005
    ],
    "naive_aurocs": [
      0.5,
      0.641463708705088,
      0.5212800000000001,
      0.4587893557422969,
      0.6698530458804431
    ],
    "p_value_bonferroni": 0.5759571654863855,
    "p_value_fdr": 0.19198572182879517,
    "significant_bonferroni": 0,
    "significant_fdr": 0
  },
  "rq3a": {
    "test": "RQ3a: Chi-square test (hallucination rate differences)",
    "chi_square": 614.6436864179635,
    "p_value_raw": 1.0491162636568459e-131,
    "degrees_of_freedom": 4,
    "significant_raw": 1,
    "domains": [
      "math",
      "is_agents",
      "psychology",
      "medicine",
      "finance"
    ],
    "contingency_table": [
      [
        157,
        385
      ],
      [
        439,
        61
      ],
      [
        125,
        375
      ],
      [
        248,
        252
      ],
      [
        369,
        131
      ]
    ],
    "rate_ci_per_domain": {
      "math": {
        "rate": 0.2896678966789668,
        "ci_95": [
          0.2514796822778016,
          0.327856111080132
        ]
      },
      "is_agents": {
        "rate": 0.878,
        "ci_95": [
          0.8493126612235476,
          0.9066873387764524
        ]
      },
      "psychology": {
        "rate": 0.25,
        "ci_95": [
          0.2120454606435502,
          0.2879545393564498
        ]
      },
      "medicine": {
        "rate": 0.496,
        "ci_95": [
          0.4521752754296755,
          0.5398247245703245
        ]
      },
      "finance": {
        "rate": 0.738,
        "ci_95": [
          0.69945731945663,
          0.77654268054337
        ]
      }
    },
    "p_value_bonferroni": 3.147348790970538e-131,
    "p_value_fdr": 3.147348790970538e-131,
    "significant_bonferroni": 1,
    "significant_fdr": 1
  },
  "rq3c": {
    "test": "RQ3c: Feature importance variability analysis",
    "total_features": 41,
    "high_variance_count": 26,
    "low_variance_count": 12
  }
}